number,customer,issue_date,due_date,reference,amounts_are,status,line_description,qty,unit_price,discount_pct,account,tax_code,notes
QU-0001,Bondi Beach Cafe Group Pty Ltd,2026-02-16,,RFQ-679,exclusive,accepted,Managed services onboarding,1,18250.00,,200,OUTPUT,
QU-0001,,,,,,,Project management,12,150.00,,200,OUTPUT,
QU-0002,Darlinghurst Hotel Group Pty Ltd,2026-03-15,,RFQ-148,exclusive,accepted,Managed services onboarding,1,19750.00,,200,OUTPUT,
QU-0003,Harbour Legal Partners,2026-03-16,,RFQ-584,exclusive,sent,Office network refresh,1,5250.00,,200,OUTPUT,
QU-0004,Harbour Legal Partners,2026-04-02,,RFQ-892,exclusive,sent,Managed services onboarding,1,6500.00,,200,OUTPUT,
QU-0005,Darlinghurst Hotel Group Pty Ltd,2026-04-11,,RFQ-531,exclusive,declined,Hardware refresh - 10 seats,1,6000.00,,200,OUTPUT,
QU-0005,,,,,,,Project management,23,150.00,,200,OUTPUT,
QU-0006,Kiama Wholesale Foods Pty Ltd,2026-04-14,,RFQ-144,exclusive,accepted,Cloud migration - discovery and plan,1,14500.00,,200,OUTPUT,
QU-0006,,,,,,,Project management,19,150.00,,200,OUTPUT,
QU-0007,Harbour Legal Partners,2026-04-16,,RFQ-545,exclusive,sent,Managed services onboarding,1,14750.00,,200,OUTPUT,
QU-0007,,,,,,,Project management,17,150.00,,200,OUTPUT,
QU-0008,Coastal Builders Pty Ltd,2026-04-30,,RFQ-725,exclusive,draft,Office network refresh,1,17750.00,,200,OUTPUT,
QU-0008,,,,,,,Project management,22,150.00,,200,OUTPUT,
QU-0009,Northshore Dental Clinic Pty Ltd,2026-05-14,,RFQ-812,exclusive,declined,Cloud migration - discovery and plan,1,4500.00,,200,OUTPUT,
QU-0009,,,,,,,Project management,25,150.00,,200,OUTPUT,
QU-0010,Kiama Wholesale Foods Pty Ltd,2026-06-08,,RFQ-339,exclusive,accepted,Cloud migration - discovery and plan,1,19500.00,,200,OUTPUT,
QU-0011,Penrith Auto Group Pty Ltd,2026-06-12,,RFQ-676,exclusive,sent,Managed services onboarding,1,6750.00,,200,OUTPUT,
QU-0011,,,,,,,Project management,30,150.00,,200,OUTPUT,
QU-0012,Penrith Auto Group Pty Ltd,2026-06-15,,RFQ-489,exclusive,accepted,Hardware refresh - 10 seats,1,20750.00,,200,OUTPUT,
QU-0012,,,,,,,Project management,29,150.00,,200,OUTPUT,
QU-0013,Coastal Builders Pty Ltd,2026-07-08,,RFQ-756,exclusive,draft,Hardware refresh - 10 seats,1,4250.00,,200,OUTPUT,
QU-0013,,,,,,,Project management,19,150.00,,200,OUTPUT,
QU-0014,Blue Mountains Tourism Ltd,2026-07-19,,RFQ-839,exclusive,sent,Cyber security uplift program,1,18250.00,,200,OUTPUT,
QU-0015,Blue Mountains Tourism Ltd,2026-08-29,,RFQ-786,exclusive,declined,Website redesign and build,1,16750.00,,200,OUTPUT,
QU-0016,Sydney Sports Academy,2026-09-01,,RFQ-326,exclusive,accepted,Cyber security uplift program,1,14500.00,,200,OUTPUT,
