payment_ref,date,customer,bank_account,invoice,amount,reference
RCPT-0001,2025-07-16,Bondi Beach Cafe Group Pty Ltd,090,INV-0001,1595.00,DEPOSIT 42577
RCPT-0002,2025-07-22,Northshore Dental Clinic Pty Ltd,090,INV-0005,1600.00,DEPOSIT 78387
RCPT-0003,2025-07-31,Northshore Dental Clinic Pty Ltd,090,INV-0006,7040.00,EFT 89601
RCPT-0004,2025-08-04,Sydney Sports Academy,090,INV-0009,3520.00,DEPOSIT 71440
RCPT-0005,2025-08-08,Wollongong Medical Centre,090,INV-0002,2090.00,BPAY 21690
RCPT-0006,2025-08-11,Harbour Legal Partners,090,INV-0003,2640.00,DEPOSIT 12262
RCPT-0007,2025-08-19,Northshore Dental Clinic Pty Ltd,090,INV-0005,1600.00,EFT 88432
RCPT-0008,2025-08-20,Bondi Beach Cafe Group Pty Ltd,090,INV-0011,957.00,EFT 46940
RCPT-0009,2025-08-25,Kiama Wholesale Foods Pty Ltd,090,INV-0014,1512.17,BPAY 84159
RCPT-0010,2025-08-27,Parramatta Logistics Pty Ltd,090,INV-0004,3520.00,EFT 96191
RCPT-0011,2025-09-08,Kiama Wholesale Foods Pty Ltd,090,INV-0017,3520.00,BPAY 40285
RCPT-0012,2025-09-09,Wollongong Medical Centre,090,INV-0012,2090.00,EFT 46980
RCPT-0013,2025-09-10,Harbour Legal Partners,090,INV-0013,2640.00,EFT 99045
RCPT-0014,2025-09-10,Sydney Sports Academy,090,INV-0016,9240.00,EFT 87961
RCPT-0014,,,,INV-0018,548.90,
RCPT-0015,2025-09-12,Blue Mountains Tourism Ltd,090,INV-0007,650.65,EFT 23569
RCPT-0016,2025-09-15,Harbour Legal Partners,090,INV-0015,316.00,EFT 81057
RCPT-0017,2025-09-17,Bondi Beach Cafe Group Pty Ltd,090,INV-0022,1595.00,DEPOSIT 84444
RCPT-0018,2025-09-22,Blue Mountains Tourism Ltd,090,INV-0010,4620.00,EFT 66598
RCPT-0019,2025-09-29,Coastal Builders Pty Ltd,090,INV-0008,4620.00,EFT 19870
RCPT-0020,2025-09-29,Harbour Legal Partners,090,INV-0019,8580.00,DEPOSIT 46843
RCPT-0021,2025-09-29,Sydney Sports Academy,090,INV-0027,518.98,BPAY 37333
RCPT-0022,2025-10-06,Redfern Design Studio,090,INV-0030,1970.10,EFT 73560
RCPT-0023,2025-10-09,Harbour Legal Partners,090,INV-0020,521.40,BPAY 91565
RCPT-0023,,,,INV-0024,2640.00,
RCPT-0024,2025-10-10,Northshore Dental Clinic Pty Ltd,090,INV-0029,3176.80,EFT 53286
RCPT-0024,,,,INV-0032,592.79,
RCPT-0025,2025-10-13,Wollongong Medical Centre,090,INV-0023,1254.00,BPAY 13545
RCPT-0026,2025-10-15,Bondi Beach Cafe Group Pty Ltd,090,INV-0035,1595.00,DEPOSIT 59219
RCPT-0027,2025-10-20,Wollongong Medical Centre,090,INV-0025,11880.00,BPAY 13129
RCPT-0028,2025-10-24,Parramatta Logistics Pty Ltd,090,INV-0021,613.80,EFT 84113
RCPT-0029,2025-10-27,Bondi Beach Cafe Group Pty Ltd,090,INV-0040,496.00,EFT 89182
RCPT-0030,2025-10-27,Harbour Legal Partners,090,INV-0026,5940.00,BPAY 19038
RCPT-0030,,,,INV-0028,2722.50,
RCPT-0031,2025-10-30,Sydney Sports Academy,090,INV-0041,11880.00,EFT 56111
RCPT-0032,2025-11-06,Blue Mountains Tourism Ltd,090,INV-0034,5280.00,EFT 11648
RCPT-0033,2025-11-06,Wollongong Medical Centre,090,INV-0033,21600.00,EFT 73067
RCPT-0034,2025-11-07,Harbour Legal Partners,090,INV-0037,1320.00,EFT 22762
RCPT-0035,2025-11-10,Wollongong Medical Centre,090,INV-0036,1776.50,EFT 77602
RCPT-0036,2025-11-17,Bondi Beach Cafe Group Pty Ltd,090,INV-0047,1595.00,BPAY 23098
RCPT-0037,2025-11-17,Harbour Legal Partners,090,INV-0038,294.00,EFT 59818
RCPT-0038,2025-11-18,Parramatta Logistics Pty Ltd,090,INV-0031,1980.00,EFT 72643
RCPT-0039,2025-11-25,Redfern Design Studio,090,INV-0050,14602.50,DEPOSIT 53572
RCPT-0040,2025-12-02,Harbour Legal Partners,090,INV-0037,1320.00,EFT 10484
RCPT-0041,2025-12-08,Harbour Legal Partners,090,INV-0046,746.90,BPAY 69373
RCPT-0042,2025-12-08,Northshore Dental Clinic Pty Ltd,090,INV-0053,3717.89,EFT 30281
RCPT-0043,2025-12-11,Wollongong Medical Centre,090,INV-0048,1045.00,EFT 59908
RCPT-0044,2025-12-12,Coastal Builders Pty Ltd,090,INV-0039,2658.70,DEPOSIT 33830
RCPT-0045,2025-12-16,Harbour Legal Partners,090,INV-0049,2640.00,BPAY 55107
RCPT-0046,2025-12-19,Parramatta Logistics Pty Ltd,090,INV-0045,777.48,EFT 57735
RCPT-0047,2025-12-24,Wollongong Medical Centre,090,INV-0051,4200.00,EFT 13584
RCPT-0048,2025-12-25,Coastal Builders Pty Ltd,090,INV-0039,2658.70,BPAY 55690
RCPT-0049,2025-12-26,Bondi Beach Cafe Group Pty Ltd,090,INV-0057,1595.00,DEPOSIT 94255
RCPT-0049,,,,INV-0060,3241.70,
RCPT-0050,2025-12-26,Sydney Sports Academy,090,INV-0063,7040.00,DEPOSIT 93826
RCPT-0051,2025-12-30,Wollongong Medical Centre,090,INV-0048,1045.00,EFT 11756
RCPT-0052,2026-01-02,Harbour Legal Partners,090,INV-0054,3520.00,EFT 62644
RCPT-0053,2026-01-05,Coastal Builders Pty Ltd,090,INV-0042,5940.00,DEPOSIT 51760
RCPT-0054,2026-01-07,Harbour Legal Partners,090,INV-0056,9240.00,EFT 98858
RCPT-0055,2026-01-07,Wollongong Medical Centre,090,INV-0051,4200.00,EFT 94062
RCPT-0055,,,,INV-0058,2090.00,
RCPT-0056,2026-01-14,Harbour Legal Partners,090,INV-0059,2640.00,BPAY 20144
RCPT-0057,2026-01-15,Wollongong Medical Centre,090,INV-0062,9240.00,EFT 20307
RCPT-0058,2026-01-19,Bondi Beach Cafe Group Pty Ltd,090,INV-0067,1595.00,EFT 96867
RCPT-0059,2026-01-19,Coastal Builders Pty Ltd,090,INV-0042,5940.00,EFT 57869
RCPT-0060,2026-01-19,Parramatta Logistics Pty Ltd,090,INV-0055,2112.00,EFT 24567
RCPT-0061,2026-01-28,Wollongong Medical Centre,090,INV-0064,3520.00,EFT 58381
RCPT-0062,2026-01-30,Sydney Sports Academy,090,INV-0073,3267.00,EFT 27425
RCPT-0062,,,,INV-0074,3960.00,
RCPT-0063,2026-02-02,Parramatta Logistics Pty Ltd,090,INV-0061,17160.00,BPAY 26079
RCPT-0064,2026-02-10,Harbour Legal Partners,090,INV-0066,7876.00,EFT 99105
RCPT-0064,,,,INV-0069,2640.00,
RCPT-0065,2026-02-12,Bondi Beach Cafe Group Pty Ltd,090,INV-0076,3190.00,EFT 43975
RCPT-0066,2026-02-12,Parramatta Logistics Pty Ltd,090,INV-0065,12760.00,EFT 26816
RCPT-0067,2026-02-12,Wollongong Medical Centre,090,INV-0068,2090.00,EFT 13990
RCPT-0068,2026-02-16,Bondi Beach Cafe Group Pty Ltd,090,INV-0077,1595.00,EFT 43521
RCPT-0069,2026-02-16,Wollongong Medical Centre,090,INV-0070,7040.00,DEPOSIT 58326
RCPT-0070,2026-02-27,Redfern Design Studio,090,INV-0081,2178.00,EFT 88087
RCPT-0071,2026-03-02,Wollongong Medical Centre,090,INV-0075,6380.00,EFT 78454
RCPT-0072,2026-03-12,Wollongong Medical Centre,090,INV-0078,2090.00,BPAY 49215
RCPT-0072,,,,INV-0080,9460.00,
RCPT-0073,2026-03-16,Harbour Legal Partners,090,INV-0079,1584.00,DEPOSIT 43434
RCPT-0074,2026-03-19,Bondi Beach Cafe Group Pty Ltd,090,INV-0091,1595.00,EFT 96929
RCPT-0075,2026-03-19,Coastal Builders Pty Ltd,090,INV-0071,5280.00,EFT 77015
RCPT-0076,2026-03-24,Harbour Legal Partners,090,INV-0082,347.60,EFT 25545
RCPT-0076,,,,INV-0084,2758.80,
RCPT-0077,2026-03-25,Bondi Beach Cafe Group Pty Ltd,090,INV-0094,539.00,EFT 90944
RCPT-0078,2026-03-31,Harbour Legal Partners,090,INV-0086,7480.00,BPAY 12631
RCPT-0079,2026-04-02,Wollongong Medical Centre,090,INV-0087,5132.60,BPAY 20808
RCPT-0080,2026-04-06,Blue Mountains Tourism Ltd,090,INV-0083,391.49,EFT 81658
RCPT-0081,2026-04-08,Wollongong Medical Centre,090,INV-0089,5280.00,EFT 92917
RCPT-0081,,,,INV-0092,2090.00,
RCPT-0082,2026-04-10,Penrith Auto Group Pty Ltd,090,INV-0095,11880.00,EFT 80557
RCPT-0083,2026-04-13,Bondi Beach Cafe Group Pty Ltd,090,INV-0104,1595.00,EFT 70092
RCPT-0084,2026-04-13,Parramatta Logistics Pty Ltd,090,INV-0085,6475.59,BPAY 27202
RCPT-0085,2026-04-14,Darlinghurst Hotel Group Pty Ltd,090,INV-0088,3520.00,EFT 64037
RCPT-0086,2026-04-15,Harbour Legal Partners,090,INV-0093,2640.00,EFT 36654
RCPT-0087,2026-04-16,Northshore Dental Clinic Pty Ltd,090,INV-0102,13860.00,EFT 17547
RCPT-0088,2026-04-17,Penrith Auto Group Pty Ltd,090,INV-0101,9240.00,DEPOSIT 75021
RCPT-0089,2026-04-17,Sydney Sports Academy,090,INV-0103,15080.00,BPAY 72647
RCPT-0090,2026-04-24,Harbour Legal Partners,090,INV-0097,1568.60,EFT 75607
RCPT-0091,2026-04-27,Sydney Sports Academy,090,INV-0111,3520.00,EFT 98635
RCPT-0092,2026-05-01,Bondi Beach Cafe Group Pty Ltd,090,INV-0112,1595.00,BPAY 59076
RCPT-0093,2026-05-01,Coastal Builders Pty Ltd,090,INV-0090,6319.50,EFT 48411
RCPT-0094,2026-05-05,Blue Mountains Tourism Ltd,090,INV-0100,5400.00,EFT 66458
RCPT-0095,2026-05-07,Parramatta Logistics Pty Ltd,090,INV-0098,3520.00,EFT 53048
RCPT-0096,2026-05-07,Sydney Sports Academy,090,INV-0108,5940.00,BPAY 75646
RCPT-0097,2026-05-08,Wollongong Medical Centre,090,INV-0105,2090.00,BPAY 67747
RCPT-0097,,,,INV-0107,1291.29,
RCPT-0098,2026-05-11,Harbour Legal Partners,090,INV-0099,1249.05,BPAY 93336
RCPT-0099,2026-05-11,Northshore Dental Clinic Pty Ltd,090,INV-0113,1333.50,DEPOSIT 79449
RCPT-0100,2026-05-18,Harbour Legal Partners,090,INV-0106,2640.00,EFT 87999
RCPT-0101,2026-05-18,Northshore Dental Clinic Pty Ltd,090,INV-0117,4620.00,EFT 10780
RCPT-0102,2026-05-20,Bondi Beach Cafe Group Pty Ltd,090,INV-0118,1595.00,EFT 65832
RCPT-0103,2026-05-27,Coastal Builders Pty Ltd,090,INV-0096,2277.00,BPAY 16525
RCPT-0104,2026-05-28,Wollongong Medical Centre,090,INV-0110,7331.50,BPAY 62102
RCPT-0104,,,,INV-0115,3811.50,
RCPT-0105,2026-06-01,Blue Mountains Tourism Ltd,090,INV-0100,5400.00,EFT 15337
RCPT-0106,2026-06-04,Bondi Beach Cafe Group Pty Ltd,090,INV-0124,3811.50,EFT 56573
RCPT-0107,2026-06-08,Harbour Legal Partners,090,INV-0120,2640.00,DEPOSIT 51174
RCPT-0108,2026-06-08,Wollongong Medical Centre,090,INV-0119,2090.00,EFT 89707
RCPT-0109,2026-06-15,Redfern Design Studio,090,INV-0133,826.87,EFT 59869
RCPT-0110,2026-06-18,Bondi Beach Cafe Group Pty Ltd,090,INV-0130,1595.00,EFT 28591
RCPT-0111,2026-06-18,Parramatta Logistics Pty Ltd,090,INV-0114,7400.00,DEPOSIT 48501
RCPT-0112,2026-06-19,Wollongong Medical Centre,090,INV-0122,1415.70,BPAY 26252
RCPT-0113,2026-06-22,Coastal Builders Pty Ltd,090,INV-0109,9240.00,EFT 94884
RCPT-0114,2026-06-25,Parramatta Logistics Pty Ltd,090,INV-0116,1069.30,BPAY 52980
RCPT-0115,2026-06-26,Wollongong Medical Centre,090,INV-0126,990.00,EFT 97188
RCPT-0116,2026-06-29,Blue Mountains Tourism Ltd,090,INV-0125,3960.00,DEPOSIT 47800
RCPT-0117,2026-07-01,Penrith Auto Group Pty Ltd,090,INV-0128,9240.00,EFT 76305
RCPT-0118,2026-07-02,Harbour Legal Partners,090,INV-0129,1980.00,BPAY 64389
RCPT-0119,2026-07-06,Parramatta Logistics Pty Ltd,090,INV-0121,1800.00,EFT 57022
RCPT-0120,2026-07-13,Northshore Dental Clinic Pty Ltd,090,INV-0139,5015.00,EFT 34847
RCPT-0121,2026-07-14,Wollongong Medical Centre,090,INV-0131,2090.00,BPAY 22579
RCPT-0122,2026-07-15,Harbour Legal Partners,090,INV-0132,2640.00,DEPOSIT 76331
RCPT-0123,2026-07-17,Parramatta Logistics Pty Ltd,090,INV-0123,1980.00,BPAY 45688
RCPT-0123,,,,INV-0127,3207.60,
RCPT-0124,2026-07-20,Bondi Beach Cafe Group Pty Ltd,090,INV-0142,797.50,DEPOSIT 17182
RCPT-0125,2026-07-20,Kiama Wholesale Foods Pty Ltd,090,INV-0138,9388.50,BPAY 22269
RCPT-0126,2026-07-27,Blue Mountains Tourism Ltd,090,INV-0135,3200.00,DEPOSIT 18032
RCPT-0127,2026-07-30,Kiama Wholesale Foods Pty Ltd,090,INV-0146,1760.00,DEPOSIT 62161
RCPT-0128,2026-08-03,Kiama Wholesale Foods Pty Ltd,090,INV-0149,3520.00,BPAY 22408
RCPT-0129,2026-08-03,Penrith Auto Group Pty Ltd,090,INV-0140,1089.00,EFT 11771
RCPT-0130,2026-08-03,Wollongong Medical Centre,090,INV-0143,2090.00,EFT 32937
RCPT-0131,2026-08-07,Bondi Beach Cafe Group Pty Ltd,090,INV-0142,797.50,EFT 73648
RCPT-0131,,,,INV-0148,13200.00,
RCPT-0132,2026-08-10,Harbour Legal Partners,090,INV-0144,2640.00,EFT 34630
RCPT-0133,2026-08-10,Parramatta Logistics Pty Ltd,090,INV-0136,745.47,EFT 18549
RCPT-0134,2026-08-12,Coastal Builders Pty Ltd,090,INV-0134,3520.00,EFT 14078
RCPT-0135,2026-08-12,Sydney Sports Academy,090,INV-0151,9460.00,BPAY 62319
RCPT-0136,2026-08-13,Redfern Design Studio,090,INV-0153,1980.00,DEPOSIT 95164
RCPT-0137,2026-08-17,Bondi Beach Cafe Group Pty Ltd,090,INV-0155,1595.00,EFT 22989
RCPT-0138,2026-08-17,Harbour Legal Partners,090,INV-0145,4219.60,BPAY 25521
RCPT-0139,2026-08-19,Coastal Builders Pty Ltd,090,INV-0137,719.40,EFT 76413
RCPT-0140,2026-08-20,Darlinghurst Hotel Group Pty Ltd,090,INV-0141,9240.00,EFT 61215
RCPT-0141,2026-09-07,Redfern Design Studio,090,INV-0166,12760.00,EFT 70744
RCPT-0142,2026-09-11,Wollongong Medical Centre,090,INV-0152,1760.00,EFT 53528
RCPT-0142,,,,INV-0156,2090.00,
RCPT-0142,,,,INV-0158,880.00,
RCPT-0143,2026-09-14,Coastal Builders Pty Ltd,090,INV-0147,3520.00,EFT 25117
RCPT-0144,2026-09-14,Harbour Legal Partners,090,INV-0157,2640.00,DEPOSIT 81157
RCPT-0145,2026-09-15,Bondi Beach Cafe Group Pty Ltd,090,INV-0168,1595.00,EFT 71456
RCPT-0146,2026-09-17,Sydney Sports Academy,090,INV-0167,15180.00,EFT 51579
RCPT-0147,2026-09-22,Sydney Sports Academy,090,INV-0171,2772.00,EFT 58131
RCPT-0148,2026-09-22,Wollongong Medical Centre,090,INV-0160,13860.00,EFT 30253
RCPT-0148,,,,INV-0163,1600.00,
RCPT-0149,2026-09-28,Redfern Design Studio,090,INV-0172,2310.00,EFT 58352
RCPT-0047,,,,,150.00,
RCPT-0096,,,,,66.00,
