number,supplier,issue_date,due_date,reference,amounts_are,status,line_description,qty,unit_price,discount_pct,account,tax_code,notes
PO-0001,Codeforge Contracting Pty Ltd,2026-05-04,2026-06-03,PRJ-47,exclusive,approved,Contract development - project Atlas,120,95.00,,313,INPUT,
PO-0002,TechSource Distribution Pty Ltd,2026-05-05,2026-06-04,PRJ-59,exclusive,approved,Docks and accessories,15,116.00,,310,INPUT,
PO-0003,Vision AV Solutions Pty Ltd,2026-06-03,2026-07-03,PRJ-69,exclusive,approved,Boardroom microphone upgrade,1,1480.00,,710,INPUT,
PO-0004,TechSource Distribution Pty Ltd,2026-06-06,2026-07-06,PRJ-48,exclusive,approved,Laptops - reorder,8,985.00,,310,INPUT,
PO-0005,Spark Digital Marketing Pty Ltd,2026-06-08,2026-07-08,PRJ-40,exclusive,approved,Spring campaign - creative and media,1,3200.00,,401,INPUT,
PO-0006,Codeforge Contracting Pty Ltd,2026-06-20,2026-07-20,PRJ-27,exclusive,draft,Contract development - project Cirrus,60,95.00,,313,INPUT,
PO-0007,Spark Digital Marketing Pty Ltd,2026-07-14,2026-08-13,PRJ-61,exclusive,approved,Trade show collateral,1,950.00,,401,INPUT,
PO-0008,Metro Motors Pty Ltd,2026-08-07,2026-09-06,PRJ-71,exclusive,approved,Vehicle fit-out - racking,1,2250.00,,730,INPUT,
PO-0009,Paper & Pixel Office Supplies,2026-08-21,2026-09-20,PRJ-12,exclusive,approved,Annual stationery order,1,620.00,,453,INPUT,
PO-0010,TechSource Distribution Pty Ltd,2026-09-21,2026-10-21,PRJ-81,exclusive,draft,Peripherals bulk buy,40,30.00,,310,INPUT,
PO-0011,Codeforge Contracting Pty Ltd,2026-09-23,2026-10-23,PRJ-17,exclusive,approved,Contract development - project Borealis,80,95.00,,313,INPUT,
PO-0012,TechSource Distribution Pty Ltd,2026-09-23,2026-10-23,PRJ-55,exclusive,approved,Monitors - reorder,12,312.00,,310,INPUT,
