payment_ref,date,supplier,bank_account,bill,amount,reference
PAY-0001,2025-07-04,Harbourside Property Trust,090,BILL-0001,5280.00,EFT 325871
PAY-0002,2025-07-15,SecureCover Insurance Brokers Pty Ltd,090,BILL-0002,7260.00,EFT 246930
PAY-0003,2025-07-18,CloudSoft Licensing Pty Ltd,090,BILL-0003,592.90,EFT 975486
PAY-0004,2025-07-21,TeleConnect Australia Pty Ltd,090,BILL-0004,291.53,EFT 532438
PAY-0005,2025-07-25,Spark Digital Marketing Pty Ltd,090,BILL-0007,1430.00,EFT 424186
PAY-0006,2025-07-28,Paper & Pixel Office Supplies,090,BILL-0005,324.50,EFT 774330
PAY-0007,2025-07-28,PowerGrid Energy Pty Ltd,090,BILL-0006,605.00,EFT 541294
PAY-0008,2025-08-04,Fenwick & Associates Accountants,090,BILL-0008,1815.00,EFT 737616
PAY-0009,2025-08-04,Harbourside Property Trust,090,BILL-0011,5280.00,EFT 245344
PAY-0010,2025-08-08,Codeforge Contracting Pty Ltd,090,BILL-0009,7419.50,EFT 662733
PAY-0011,2025-08-11,Green Clean Services Pty Ltd,090,BILL-0010,360.80,EFT 434202
PAY-0012,2025-08-18,CloudSoft Licensing Pty Ltd,090,BILL-0012,592.90,EFT 293321
PAY-0013,2025-08-22,TeleConnect Australia Pty Ltd,090,BILL-0013,296.98,EFT 570317
PAY-0014,2025-08-25,Spark Digital Marketing Pty Ltd,090,BILL-0014,1485.00,EFT 142469
PAY-0015,2025-08-25,SwiftCourier Express Pty Ltd,090,BILL-0015,66.00,EFT 300811
PAY-0016,2025-09-02,Harbourside Property Trust,090,BILL-0018,5280.00,EFT 160116
PAY-0017,2025-09-03,Codeforge Contracting Pty Ltd,090,BILL-0016,8255.50,EFT 643804
PAY-0018,2025-09-11,Green Clean Services Pty Ltd,090,BILL-0017,360.80,EFT 474432
PAY-0019,2025-09-19,CloudSoft Licensing Pty Ltd,090,BILL-0019,592.90,EFT 724091
PAY-0020,2025-09-19,TeleConnect Australia Pty Ltd,090,BILL-0020,292.49,EFT 736298
PAY-0021,2025-09-22,Spark Digital Marketing Pty Ltd,090,BILL-0021,880.00,EFT 530978
PAY-0022,2025-10-06,Harbourside Property Trust,090,BILL-0025,5280.00,EFT 732419
PAY-0023,2025-10-07,Paper & Pixel Office Supplies,090,BILL-0022,82.50,EFT 268863
PAY-0024,2025-10-08,Codeforge Contracting Pty Ltd,090,BILL-0023,8464.50,EFT 616803
PAY-0025,2025-10-08,Green Clean Services Pty Ltd,090,BILL-0024,360.80,EFT 222694
PAY-0026,2025-10-20,CloudSoft Licensing Pty Ltd,090,BILL-0026,635.25,EFT 299796
PAY-0027,2025-10-21,TeleConnect Australia Pty Ltd,090,BILL-0027,311.40,EFT 784639
PAY-0028,2025-10-22,PowerGrid Energy Pty Ltd,090,BILL-0028,814.00,EFT 823525
PAY-0029,2025-10-27,Spark Digital Marketing Pty Ltd,090,BILL-0029,1100.00,EFT 937548
PAY-0030,2025-10-31,Fenwick & Associates Accountants,090,BILL-0030,1815.00,EFT 622054
PAY-0031,2025-11-03,Harbourside Property Trust,090,BILL-0033,5280.00,EFT 964973
PAY-0032,2025-11-07,Codeforge Contracting Pty Ltd,090,BILL-0031,9091.50,EFT 369014
PAY-0033,2025-11-10,Green Clean Services Pty Ltd,090,BILL-0032,360.80,EFT 519694
PAY-0034,2025-11-18,CloudSoft Licensing Pty Ltd,090,BILL-0034,465.85,EFT 537422
PAY-0035,2025-11-21,TeleConnect Australia Pty Ltd,090,BILL-0035,305.31,EFT 193077
PAY-0036,2025-11-25,Spark Digital Marketing Pty Ltd,090,BILL-0036,1100.00,EFT 801435
PAY-0037,2025-12-01,Paper & Pixel Office Supplies,090,BILL-0037,143.00,EFT 425298
PAY-0038,2025-12-04,Harbourside Property Trust,090,BILL-0041,5280.00,EFT 953076
PAY-0039,2025-12-04,SwiftCourier Express Pty Ltd,090,BILL-0038,253.00,EFT 541591
PAY-0040,2025-12-08,Codeforge Contracting Pty Ltd,090,BILL-0039,9300.50,EFT 265028
PAY-0041,2025-12-15,Green Clean Services Pty Ltd,090,BILL-0040,360.80,EFT 770327
PAY-0042,2025-12-17,CloudSoft Licensing Pty Ltd,090,BILL-0042,635.25,EFT 635133
PAY-0043,2025-12-19,TeleConnect Australia Pty Ltd,090,BILL-0043,307.97,EFT 139777
PAY-0044,2025-12-29,Spark Digital Marketing Pty Ltd,090,BILL-0044,2530.00,EFT 881191
PAY-0045,2026-01-01,Harbourside Property Trust,090,BILL-0047,5280.00,EFT 326940
PAY-0046,2026-01-05,Codeforge Contracting Pty Ltd,090,BILL-0045,6165.50,EFT 546728
PAY-0047,2026-01-05,Green Clean Services Pty Ltd,090,BILL-0046,360.80,EFT 504355
PAY-0048,2026-01-19,CloudSoft Licensing Pty Ltd,090,BILL-0048,677.60,EFT 789086
PAY-0049,2026-01-22,TeleConnect Australia Pty Ltd,090,BILL-0049,294.23,EFT 353312
PAY-0050,2026-01-26,PowerGrid Energy Pty Ltd,090,BILL-0050,737.00,EFT 537187
PAY-0051,2026-01-26,Spark Digital Marketing Pty Ltd,090,BILL-0051,990.00,EFT 740727
PAY-0052,2026-01-26,Vision AV Solutions Pty Ltd,090,BILL-0052,6875.00,EFT 435110
PAY-0053,2026-02-02,Fenwick & Associates Accountants,090,BILL-0053,1815.00,EFT 684071
PAY-0054,2026-02-03,Harbourside Property Trust,090,BILL-0057,5280.00,EFT 458716
PAY-0055,2026-02-04,Codeforge Contracting Pty Ltd,090,BILL-0054,5016.00,EFT 232453
PAY-0056,2026-02-10,Green Clean Services Pty Ltd,090,BILL-0056,360.80,EFT 191968
PAY-0057,2026-02-18,CloudSoft Licensing Pty Ltd,090,BILL-0058,677.60,EFT 684832
PAY-0058,2026-02-20,TeleConnect Australia Pty Ltd,090,BILL-0059,321.52,EFT 321602
PAY-0059,2026-03-02,Harbourside Property Trust,090,BILL-0065,5280.00,EFT 257106
PAY-0060,2026-03-02,Spark Digital Marketing Pty Ltd,090,BILL-0060,1815.00,EFT 624591
PAY-0061,2026-03-02,SwiftCourier Express Pty Ltd,090,BILL-0061,132.00,EFT 273195
PAY-0062,2026-03-12,Green Clean Services Pty Ltd,090,BILL-0063,360.80,EFT 960060
PAY-0063,2026-03-13,Codeforge Contracting Pty Ltd,090,BILL-0062,9718.50,EFT 305028
PAY-0064,2026-03-18,CloudSoft Licensing Pty Ltd,090,BILL-0064,677.60,EFT 285111
PAY-0065,2026-03-24,TeleConnect Australia Pty Ltd,090,BILL-0066,302.13,EFT 156781
PAY-0066,2026-03-25,Spark Digital Marketing Pty Ltd,090,BILL-0069,1540.00,EFT 514053
PAY-0067,2026-03-26,Fenwick & Associates Accountants,090,BILL-0067,1980.00,EFT 195774
PAY-0068,2026-03-26,Paper & Pixel Office Supplies,090,BILL-0068,181.50,EFT 120806
PAY-0069,2026-04-02,Harbourside Property Trust,090,BILL-0072,5280.00,EFT 684653
PAY-0070,2026-04-06,Green Clean Services Pty Ltd,090,BILL-0070,360.80,EFT 303955
PAY-0071,2026-04-08,Codeforge Contracting Pty Ltd,090,BILL-0071,8151.00,EFT 641142
PAY-0072,2026-04-20,CloudSoft Licensing Pty Ltd,090,BILL-0074,719.95,EFT 629305
PAY-0073,2026-04-20,TeleConnect Australia Pty Ltd,090,BILL-0073,305.46,EFT 889874
PAY-0074,2026-04-21,Spark Digital Marketing Pty Ltd,090,BILL-0075,880.00,EFT 865227
PAY-0075,2026-04-27,PowerGrid Energy Pty Ltd,090,BILL-0076,649.00,EFT 716395
PAY-0076,2026-05-01,Harbourside Property Trust,090,BILL-0081,5280.00,EFT 860628
PAY-0077,2026-05-04,Fenwick & Associates Accountants,090,BILL-0077,1815.00,EFT 502509
PAY-0078,2026-05-07,Green Clean Services Pty Ltd,090,BILL-0078,360.80,EFT 338138
PAY-0079,2026-05-11,Codeforge Contracting Pty Ltd,090,BILL-0079,6165.50,EFT 576277
PAY-0080,2026-05-15,CloudSoft Licensing Pty Ltd,090,BILL-0080,719.95,EFT 136919
PAY-0081,2026-05-21,TeleConnect Australia Pty Ltd,090,BILL-0082,304.11,EFT 952217
PAY-0082,2026-05-22,Paper & Pixel Office Supplies,090,BILL-0083,93.50,EFT 129072
PAY-0083,2026-05-25,Spark Digital Marketing Pty Ltd,090,BILL-0084,1595.00,EFT 700286
PAY-0084,2026-05-26,SwiftCourier Express Pty Ltd,090,BILL-0085,181.50,EFT 612240
PAY-0085,2026-06-01,Harbourside Property Trust,090,BILL-0089,5280.00,EFT 468101
PAY-0086,2026-06-05,Codeforge Contracting Pty Ltd,090,BILL-0087,7419.50,EFT 734380
PAY-0087,2026-06-05,Green Clean Services Pty Ltd,090,BILL-0086,704.00,EFT 586201
PAY-0088,2026-06-10,Green Clean Services Pty Ltd,090,BILL-0088,360.80,EFT 517114
PAY-0089,2026-06-17,CloudSoft Licensing Pty Ltd,090,BILL-0090,719.95,EFT 723958
PAY-0090,2026-06-22,TeleConnect Australia Pty Ltd,090,BILL-0091,295.09,EFT 734170
PAY-0091,2026-06-26,Spark Digital Marketing Pty Ltd,090,BILL-0092,1100.00,EFT 977327
PAY-0092,2026-07-03,Harbourside Property Trust,090,BILL-0095,5491.20,EFT 737745
PAY-0093,2026-07-06,Green Clean Services Pty Ltd,090,BILL-0093,360.80,EFT 381163
PAY-0094,2026-07-17,SecureCover Insurance Brokers Pty Ltd,090,BILL-0096,7865.00,EFT 622425
PAY-0095,2026-07-20,CloudSoft Licensing Pty Ltd,090,BILL-0097,762.30,EFT 118890
PAY-0096,2026-07-20,TeleConnect Australia Pty Ltd,090,BILL-0098,319.18,EFT 167974
PAY-0097,2026-07-24,PowerGrid Energy Pty Ltd,090,BILL-0099,808.50,EFT 993192
PAY-0098,2026-07-27,Spark Digital Marketing Pty Ltd,090,BILL-0100,1100.00,EFT 971980
PAY-0099,2026-08-03,Harbourside Property Trust,090,BILL-0105,5491.20,EFT 411866
PAY-0100,2026-08-06,Fenwick & Associates Accountants,090,BILL-0101,1815.00,EFT 916516
PAY-0101,2026-08-07,Paper & Pixel Office Supplies,090,BILL-0102,192.50,EFT 324993
PAY-0102,2026-08-10,Codeforge Contracting Pty Ltd,090,BILL-0104,7419.50,EFT 403336
PAY-0103,2026-08-10,Green Clean Services Pty Ltd,090,BILL-0103,360.80,EFT 742622
PAY-0104,2026-08-18,CloudSoft Licensing Pty Ltd,090,BILL-0106,762.30,EFT 826719
PAY-0105,2026-08-19,Metro Motors Pty Ltd,090,BILL-0108,39600.00,EFT 672303
PAY-0106,2026-08-20,TeleConnect Australia Pty Ltd,090,BILL-0107,319.24,EFT 508377
PAY-0107,2026-08-27,SwiftCourier Express Pty Ltd,090,BILL-0110,132.00,EFT 823973
PAY-0108,2026-09-04,Harbourside Property Trust,090,BILL-0113,5491.20,EFT 313221
PAY-0109,2026-09-09,Green Clean Services Pty Ltd,090,BILL-0112,360.80,EFT 691309
PAY-0110,2026-09-10,Codeforge Contracting Pty Ltd,090,BILL-0111,3918.75,EFT 241620
PAY-0111,2026-09-21,CloudSoft Licensing Pty Ltd,090,BILL-0114,762.30,EFT 532913
PAY-0112,2026-09-22,Spark Digital Marketing Pty Ltd,090,BILL-0116,2200.00,EFT 778350
PAY-0113,2026-09-22,TeleConnect Australia Pty Ltd,090,BILL-0115,292.85,EFT 112857
