claim,title,claimant,status,date,merchant,description,account,tax_code,amount,kind,km,rate_per_km,approve_date,paid_date,bank_account,reject_reason,reference
CLM-001,Client visit - Wollongong,Priya Nair,paid,2026-07-08,Uber,Ride to client site,493,INPUT,46.20,receipt,,,,2026-08-03,090,,
CLM-001,,,,2026-07-08,Wilson Parking,Client site parking,457,INPUT,28.00,receipt,,,,,,,
CLM-001,,,,2026-07-08,Coastal Cafe,Lunch with client,421,INPUT,62.90,receipt,,,,,,,
CLM-002,August mileage - site visits,Tom Becker,paid,2026-08-21,,Mileage Sydney to Penrith client,449,,,mileage,86,0.88,,2026-09-16,090,,
CLM-002,,,,2026-08-28,,Mileage Sydney to Kiama client,449,,,mileage,240,0.88,,,,,
CLM-002,,,,2026-09-05,,Mileage Parramatta site visits,449,,,mileage,64,0.88,,,,,
CLM-003,Team lunch - project go-live,Chloe Ward,paid,2026-08-13,The Grounds,Go-live team lunch,405,INPUT,79.50,receipt,,,,2026-09-10,090,,
CLM-003,,,,2026-08-13,Dan Murphy's,Celebration drinks (non-alcohol),405,INPUT,34.00,receipt,,,,,,,
CLM-004,Conference travel - Melbourne,Sam Lee,approved,2026-09-12,Uber,Airport transfer,493,INPUT,58.00,receipt,,,,,,,
CLM-004,,,,2026-09-13,Hotel breakfast,Breakfast,493,INPUT,24.50,receipt,,,,,,,
CLM-004,,,,2026-09-13,Parking,Airport parking,457,INPUT,40.00,receipt,,,,,,,
CLM-005,Office supplies - urgent,Priya Nair,approved,2026-09-18,Officeworks,Whiteboard markers and paper,453,INPUT,71.40,receipt,,,,,,,
CLM-005,,,,2026-09-18,Coles,Kitchen supplies,405,INPUT,39.85,receipt,,,,,,,
CLM-006,Training day - Sydney,Tom Becker,submitted,2026-09-21,Uber,Ride to training venue,493,INPUT,35.60,receipt,,,,,,,
CLM-006,,,,2026-09-21,Training Cafe,Lunch,405,INPUT,24.00,receipt,,,,,,,
CLM-007,Client dinner,Chloe Ward,submitted,2026-09-24,Establishment Bar,Client dinner (entertainment),406,EXEMPTEXP,78.00,receipt,,,,,,,
CLM-008,Taxi - after-hours,Sam Lee,rejected,2026-08-31,13cabs,Taxi home (personal),493,INPUT,44.00,receipt,,,,,,Personal trip - not a business expense,
CLM-009,Flights and hotel - Brisbane workshop,Priya Nair,draft,2026-09-25,Qantas,Return flight SYD-BNE,493,INPUT,412.00,receipt,,,,,,,
CLM-009,,,,2026-09-25,Ibis Brisbane,1 night accommodation,493,INPUT,198.00,receipt,,,,,,,
CLM-010,Laptop bag and peripherals,Tom Becker,draft,2026-09-27,JB Hi-Fi,Laptop bag,453,INPUT,149.00,receipt,,,,,,,
CLM-010,,,,2026-09-27,JB Hi-Fi,USB hub,453,INPUT,119.00,receipt,,,,,,,
