date,sku,kind,quantity,unit_cost,counted_quantity,account,reference,note
2025-07-19,CAB-HD2,sell,10,,,,INV-0007,
2025-07-19,MSE-WL,sell,2,,,,INV-0007,
2025-07-19,MSE-WL,sell,6,,,,INV-0007,
2025-08-02,CAB-HD2,sell,6,,,,INV-0014,
2025-08-02,DOCK-C,sell,4,,,,INV-0014,
2025-08-02,MON-27,sell,1,,,,INV-0014,
2025-08-08,KBD-WL,sell,4,,,,INV-0015,
2025-08-19,MON-27,sell,1,,,,INV-0018,
2025-08-28,DOCK-C,sell,2,,,,INV-0021,
2025-08-28,KBD-WL,sell,2,,,,INV-0020,
2025-08-28,KBD-WL,sell,4,,,,INV-0020,
2025-09-12,CAB-HD2,sell,4,,,,INV-0027,
2025-09-12,MSE-WL,sell,2,,,,INV-0027,
2025-09-12,MSE-WL,sell,6,,,,INV-0027,
2025-09-15,DOCK-C,buy,21,118.45,,090,PO-46,Reorder
2025-09-18,DOCK-C,sell,4,,,,INV-0029,
2025-09-18,DOCK-C,sell,6,,,,INV-0029,
2025-09-18,MON-27,sell,2,,,,INV-0029,
2025-09-19,MON-27,sell,3,,,,INV-0030,
2025-09-19,MSE-WL,sell,6,,,,INV-0030,
2025-09-22,CAB-HD2,sell,2,,,,INV-0032,
2025-09-22,MON-27,sell,1,,,,INV-0032,
2025-10-06,DOCK-C,sell,4,,,,INV-0039,
2025-10-06,LAP-14,sell,2,,,,INV-0039,
2025-10-06,MON-27,sell,2,,,,INV-0039,
2025-10-06,MSE-WL,sell,6,,,,INV-0038,
2025-10-09,KBD-WL,sell,4,,,,INV-0040,
2025-10-24,CAB-HD2,sell,4,,,,INV-0044,
2025-10-24,KBD-WL,sell,2,,,,INV-0044,
2025-10-24,LAP-14,sell,3,,,,INV-0044,
2025-10-25,MON-27,sell,1,,,,INV-0045,
2025-10-25,MON-27,sell,1,,,,INV-0045,
2025-10-26,MON-27,sell,1,,,,INV-0046,
2025-11-13,CAB-HD2,sell,2,,,,INV-0053,
2025-11-13,DOCK-C,sell,10,,,,INV-0053,
2025-11-13,LAP-14,sell,1,,,,INV-0053,
2025-12-07,LAP-14,sell,1,,,,INV-0060,
2025-12-07,MON-27,sell,3,,,,INV-0060,
2026-01-25,LAP-14,buy,11,960.40,,090,PO-93,Reorder
2026-01-28,LAP-14,sell,2,,,,INV-0076,
2026-02-09,KBD-WL,sell,4,,,,INV-0082,
2026-02-13,MON-27,buy,23,306.90,,090,PO-64,Reorder
2026-02-13,CAB-HD2,sell,2,,,,INV-0083,
2026-02-13,KBD-WL,sell,4,,,,INV-0083,
2026-02-16,CAB-HD2,sell,2,,,,INV-0085,
2026-02-16,LAP-14,sell,3,,,,INV-0085,
2026-02-16,MON-27,sell,3,,,,INV-0085,
2026-02-24,KBD-WL,sell,4,,,,INV-0087,
2026-02-24,LAP-14,sell,3,,,,INV-0087,
2026-03-03,MSE-WL,sell,10,,,,INV-0094,
2026-03-10,DOCK-C,buy,24,116.15,,090,PO-53,Reorder
2026-03-13,MSE-WL,buy,58,21.78,,090,PO-80,Reorder
2026-03-13,DOCK-C,sell,10,,,,INV-0096,
2026-03-16,DOCK-C,sell,4,,,,INV-0097,
2026-03-16,MSE-WL,sell,10,,,,INV-0097,
2026-03-21,CAB-HD2,sell,10,,,,INV-0099,
2026-03-21,DOCK-C,sell,4,,,,INV-0099,
2026-03-31,CAB-HD2,adjustment,,,54,,Stocktake,Half-year stocktake
2026-04-05,CAB-HD2,sell,2,,,,INV-0107,
2026-04-05,DOCK-C,sell,6,,,,INV-0107,
2026-04-14,LAP-14,sell,1,,,,INV-0112,
2026-04-17,DOCK-C,buy,20,113.85,,090,PO-81,Reorder
2026-04-20,CAB-HD2,sell,10,,,,INV-0113,
2026-04-20,DOCK-C,sell,6,,,,INV-0113,
2026-04-24,KBD-WL,buy,48,37.62,,090,PO-21,Reorder
2026-04-27,CAB-HD2,sell,4,,,,INV-0116,
2026-04-27,CAB-HD2,sell,10,,,,INV-0116,
2026-04-27,KBD-WL,sell,10,,,,INV-0116,
2026-06-04,CAB-HD2,sell,6,,,,INV-0133,
2026-06-04,KBD-WL,sell,2,,,,INV-0133,
2026-06-04,MSE-WL,sell,6,,,,INV-0133,
2026-06-14,CAB-HD2,sell,6,,,,INV-0136,
2026-06-14,DOCK-C,sell,2,,,,INV-0136,
2026-06-24,KBD-WL,sell,6,,,,INV-0137,
2026-06-30,KBD-WL,adjustment,,,40,,Stocktake,Annual stocktake
2026-06-30,MSE-WL,adjustment,,,55,,Stocktake,Annual stocktake
2026-07-02,DOCK-C,sell,4,,,,INV-0145,
2026-07-02,LAP-14,sell,1,,,,INV-0145,
2026-07-02,LAP-14,sell,1,,,,INV-0145,
2026-07-18,LAP-14,buy,10,970.20,,090,PO-19,Reorder
2026-07-21,CAB-HD2,sell,4,,,,INV-0150,
2026-07-21,LAP-14,sell,1,,,,INV-0150,
2026-09-18,MON-27,sell,2,,,,INV-0177,
2026-09-18,MON-27,sell,2,,,,INV-0177,
