Date,Description,Amount,Balance
2025-07-01,Opening balances,85000.00,85000.00
2025-07-04,EFT PAYMENT HARBOURSIDE PROPERTY TRUST BILL-0001,-5280.00,79720.00
2025-07-15,EFT PAYMENT SECURECOVER INSURANCE BROK BILL-0002,-7260.00,72460.00
2025-07-15,Business loan repayment Jul 2025,-1298.33,71161.67
2025-07-16,DEPOSIT BONDI BEACH CAFE GROUP PTY L INV-0001,1595.00,72756.67
2025-07-18,EFT PAYMENT CLOUDSOFT LICENSING PTY LT BILL-0003,-592.90,72163.77
2025-07-21,EFT PAYMENT TELECONNECT AUSTRALIA PTY  BILL-0004,-291.53,71872.24
2025-07-22,DEPOSIT NORTHSHORE DENTAL CLINIC PTY INV-0005,1600.00,73472.24
2025-07-25,EFT PAYMENT SPARK DIGITAL MARKETING PT BILL-0007,-1430.00,72042.24
2025-07-28,EFT PAYMENT PAPER & PIXEL OFFICE SUPPL BILL-0005,-324.50,71717.74
2025-07-28,EFT PAYMENT POWERGRID ENERGY PTY LTD BILL-0006,-605.00,71112.74
2025-07-31,DEPOSIT NORTHSHORE DENTAL CLINIC PTY INV-0006,7040.00,78152.74
2025-07-31,Pay run July 2025,-13737.50,64415.24
2025-07-31,Bank fees Jul 2025,-15.00,64400.24
2025-08-04,DEPOSIT SYDNEY SPORTS ACADEMY INV-0009,3520.00,67920.24
2025-08-04,EFT PAYMENT FENWICK & ASSOCIATES ACCOU BILL-0008,-1815.00,66105.24
2025-08-04,EFT PAYMENT HARBOURSIDE PROPERTY TRUST BILL-0011,-5280.00,60825.24
2025-08-08,DEPOSIT WOLLONGONG MEDICAL CENTRE INV-0002,2090.00,62915.24
2025-08-08,EFT PAYMENT CODEFORGE CONTRACTING PTY  BILL-0009,-7419.50,55495.74
2025-08-11,DEPOSIT HARBOUR LEGAL PARTNERS INV-0003,2640.00,58135.74
2025-08-11,EFT PAYMENT GREEN CLEAN SERVICES PTY L BILL-0010,-360.80,57774.94
2025-08-15,Business loan repayment Aug 2025,-1290.88,56484.06
2025-08-18,EFT PAYMENT CLOUDSOFT LICENSING PTY LT BILL-0012,-592.90,55891.16
2025-08-19,DEPOSIT NORTHSHORE DENTAL CLINIC PTY INV-0005,1600.00,57491.16
2025-08-20,DEPOSIT BONDI BEACH CAFE GROUP PTY L INV-0011,957.00,58448.16
2025-08-21,PAYG withholding remitted - July 2025,-3762.50,54685.66
2025-08-22,EFT PAYMENT TELECONNECT AUSTRALIA PTY  BILL-0013,-296.98,54388.68
2025-08-25,DEPOSIT KIAMA WHOLESALE FOODS PTY LT INV-0014,1512.17,55900.85
2025-08-25,EFT PAYMENT SPARK DIGITAL MARKETING PT BILL-0014,-1485.00,54415.85
2025-08-25,EFT PAYMENT SWIFTCOURIER EXPRESS PTY L BILL-0015,-66.00,54349.85
2025-08-27,DEPOSIT PARRAMATTA LOGISTICS PTY LTD INV-0004,3520.00,57869.85
2025-08-29,Pay run August 2025,-13737.50,44132.35
2025-08-29,Bank fees Aug 2025,-15.00,44117.35
2025-09-02,EFT PAYMENT HARBOURSIDE PROPERTY TRUST BILL-0018,-5280.00,38837.35
2025-09-03,EFT PAYMENT CODEFORGE CONTRACTING PTY  BILL-0016,-8255.50,30581.85
2025-09-08,DEPOSIT KIAMA WHOLESALE FOODS PTY LT INV-0017,3520.00,34101.85
2025-09-09,DEPOSIT WOLLONGONG MEDICAL CENTRE INV-0012,2090.00,36191.85
2025-09-10,DEPOSIT HARBOUR LEGAL PARTNERS INV-0013,2640.00,38831.85
2025-09-10,DEPOSIT SYDNEY SPORTS ACADEMY INV-0016/INV-0018,9788.90,48620.75
2025-09-11,EFT PAYMENT GREEN CLEAN SERVICES PTY L BILL-0017,-360.80,48259.95
2025-09-12,DEPOSIT BLUE MOUNTAINS TOURISM LTD INV-0007,650.65,48910.60
2025-09-15,DEPOSIT HARBOUR LEGAL PARTNERS INV-0015,316.00,49226.60
2025-09-15,EFT PAYMENT TECHSOURCE DISTRIBUTION DOCK-C,-2487.45,46739.15
2025-09-15,Business loan repayment Sep 2025,-1283.42,45455.73
2025-09-17,DEPOSIT BONDI BEACH CAFE GROUP PTY L INV-0022,1595.00,47050.73
2025-09-19,EFT PAYMENT CLOUDSOFT LICENSING PTY LT BILL-0019,-592.90,46457.83
2025-09-19,EFT PAYMENT TELECONNECT AUSTRALIA PTY  BILL-0020,-292.49,46165.34
2025-09-22,DEPOSIT BLUE MOUNTAINS TOURISM LTD INV-0010,4620.00,50785.34
2025-09-22,EFT PAYMENT SPARK DIGITAL MARKETING PT BILL-0021,-880.00,49905.34
2025-09-22,PAYG withholding remitted - August 2025,-3762.50,46142.84
2025-09-29,DEPOSIT COASTAL BUILDERS PTY LTD INV-0008,4620.00,50762.84
2025-09-29,DEPOSIT HARBOUR LEGAL PARTNERS INV-0019,8580.00,59342.84
2025-09-29,DEPOSIT SYDNEY SPORTS ACADEMY INV-0027,518.98,59861.82
2025-09-30,Pay run September 2025,-13737.50,46124.32
2025-09-30,Bank fees Sep 2025,-15.00,46109.32
2025-09-30,Interest received Sep 2025,19.54,46128.86
2025-10-06,DEPOSIT REDFERN DESIGN STUDIO INV-0030,1970.10,48098.96
2025-10-06,EFT PAYMENT HARBOURSIDE PROPERTY TRUST BILL-0025,-5280.00,42818.96
2025-10-07,EFT PAYMENT PAPER & PIXEL OFFICE SUPPL BILL-0022,-82.50,42736.46
2025-10-08,EFT PAYMENT CODEFORGE CONTRACTING PTY  BILL-0023,-8464.50,34271.96
2025-10-08,EFT PAYMENT GREEN CLEAN SERVICES PTY L BILL-0024,-360.80,33911.16
2025-10-09,DEPOSIT HARBOUR LEGAL PARTNERS INV-0020/INV-0024,3161.40,37072.56
2025-10-10,DEPOSIT NORTHSHORE DENTAL CLINIC PTY INV-0029/INV-0032,3769.59,40842.15
2025-10-13,DEPOSIT WOLLONGONG MEDICAL CENTRE INV-0023,1254.00,42096.15
2025-10-15,DEPOSIT BONDI BEACH CAFE GROUP PTY L INV-0035,1595.00,43691.15
2025-10-15,Business loan repayment Oct 2025,-1275.96,42415.19
2025-10-20,DEPOSIT WOLLONGONG MEDICAL CENTRE INV-0025,11880.00,54295.19
2025-10-20,EFT PAYMENT CLOUDSOFT LICENSING PTY LT BILL-0026,-635.25,53659.94
2025-10-21,EFT PAYMENT TELECONNECT AUSTRALIA PTY  BILL-0027,-311.40,53348.54
2025-10-21,PAYG withholding remitted - September 2025,-3762.50,49586.04
2025-10-22,EFT PAYMENT POWERGRID ENERGY PTY LTD BILL-0028,-814.00,48772.04
2025-10-24,DEPOSIT PARRAMATTA LOGISTICS PTY LTD INV-0021,613.80,49385.84
2025-10-27,DEPOSIT BONDI BEACH CAFE GROUP PTY L INV-0040,496.00,49881.84
2025-10-27,DEPOSIT HARBOUR LEGAL PARTNERS INV-0026/INV-0028,8662.50,58544.34
2025-10-27,EFT PAYMENT SPARK DIGITAL MARKETING PT BILL-0029,-1100.00,57444.34
2025-10-28,Superannuation contributions - quarter from Jul 2025,-6300.00,51144.34
2025-10-28,BAS payment - quarter from Jul 2025,-6271.78,44872.56
2025-10-30,DEPOSIT SYDNEY SPORTS ACADEMY INV-0041,11880.00,56752.56
2025-10-31,EFT PAYMENT FENWICK & ASSOCIATES ACCOU BILL-0030,-1815.00,54937.56
2025-10-31,Pay run October 2025,-13737.50,41200.06
2025-10-31,Bank fees Oct 2025,-15.00,41185.06
2025-11-03,EFT PAYMENT HARBOURSIDE PROPERTY TRUST BILL-0033,-5280.00,35905.06
2025-11-06,DEPOSIT BLUE MOUNTAINS TOURISM LTD INV-0034,5280.00,41185.06
2025-11-06,DEPOSIT WOLLONGONG MEDICAL CENTRE INV-0033,21600.00,62785.06
2025-11-07,DEPOSIT HARBOUR LEGAL PARTNERS INV-0037,1320.00,64105.06
2025-11-07,EFT PAYMENT CODEFORGE CONTRACTING PTY  BILL-0031,-9091.50,55013.56
2025-11-10,DEPOSIT WOLLONGONG MEDICAL CENTRE INV-0036,1776.50,56790.06
2025-11-10,EFT PAYMENT GREEN CLEAN SERVICES PTY L BILL-0032,-360.80,56429.26
2025-11-10,Loan to director,-4000.00,52429.26
2025-11-17,DEPOSIT BONDI BEACH CAFE GROUP PTY L INV-0047,1595.00,54024.26
2025-11-17,DEPOSIT HARBOUR LEGAL PARTNERS INV-0038,294.00,54318.26
2025-11-17,Business loan repayment Nov 2025,-1268.50,53049.76
2025-11-18,DEPOSIT PARRAMATTA LOGISTICS PTY LTD INV-0031,1980.00,55029.76
2025-11-18,EFT PAYMENT CLOUDSOFT LICENSING PTY LT BILL-0034,-465.85,54563.91
2025-11-21,EFT PAYMENT TELECONNECT AUSTRALIA PTY  BILL-0035,-305.31,54258.60
2025-11-21,PAYG withholding remitted - October 2025,-3762.50,50496.10
2025-11-25,DEPOSIT REDFERN DESIGN STUDIO INV-0050,14602.50,65098.60
2025-11-25,EFT PAYMENT SPARK DIGITAL MARKETING PT BILL-0036,-1100.00,63998.60
2025-11-28,Pay run November 2025,-13737.50,50261.10
2025-11-28,Bank fees Nov 2025,-15.00,50246.10
2025-12-01,EFT PAYMENT PAPER & PIXEL OFFICE SUPPL BILL-0037,-143.00,50103.10
2025-12-02,DEPOSIT HARBOUR LEGAL PARTNERS INV-0037,1320.00,51423.10
2025-12-04,EFT PAYMENT HARBOURSIDE PROPERTY TRUST BILL-0041,-5280.00,46143.10
2025-12-04,EFT PAYMENT SWIFTCOURIER EXPRESS PTY L BILL-0038,-253.00,45890.10
2025-12-08,DEPOSIT HARBOUR LEGAL PARTNERS INV-0046,746.90,46637.00
2025-12-08,DEPOSIT NORTHSHORE DENTAL CLINIC PTY INV-0053,3717.89,50354.89
2025-12-08,EFT PAYMENT CODEFORGE CONTRACTING PTY  BILL-0039,-9300.50,41054.39
2025-12-11,DEPOSIT WOLLONGONG MEDICAL CENTRE INV-0048,1045.00,42099.39
2025-12-12,DEPOSIT COASTAL BUILDERS PTY LTD INV-0039,2658.70,44758.09
2025-12-15,EFT PAYMENT GREEN CLEAN SERVICES PTY L BILL-0040,-360.80,44397.29
2025-12-15,Business loan repayment Dec 2025,-1261.04,43136.25
2025-12-16,DEPOSIT HARBOUR LEGAL PARTNERS INV-0049,2640.00,45776.25
2025-12-17,EFT PAYMENT CLOUDSOFT LICENSING PTY LT BILL-0042,-635.25,45141.00
2025-12-19,DEPOSIT PARRAMATTA LOGISTICS PTY LTD INV-0045,777.48,45918.48
2025-12-19,EFT PAYMENT TELECONNECT AUSTRALIA PTY  BILL-0043,-307.97,45610.51
2025-12-22,PAYG withholding remitted - November 2025,-3762.50,41848.01
2025-12-24,DEPOSIT WOLLONGONG MEDICAL CENTRE INV-0051,4350.00,46198.01
2025-12-25,DEPOSIT COASTAL BUILDERS PTY LTD INV-0039,2658.70,48856.71
2025-12-26,DEPOSIT BONDI BEACH CAFE GROUP PTY L INV-0057/INV-0060,4836.70,53693.41
2025-12-26,DEPOSIT SYDNEY SPORTS ACADEMY INV-0063,7040.00,60733.41
2025-12-29,EFT PAYMENT SPARK DIGITAL MARKETING PT BILL-0044,-2530.00,58203.41
2025-12-30,DEPOSIT WOLLONGONG MEDICAL CENTRE INV-0048,1045.00,59248.41
2025-12-31,Pay run December 2025,-13737.50,45510.91
2025-12-31,Bank fees Dec 2025,-15.00,45495.91
2025-12-31,Interest received Dec 2025,21.62,45517.53
2026-01-01,EFT PAYMENT HARBOURSIDE PROPERTY TRUST BILL-0047,-5280.00,40237.53
2026-01-02,DEPOSIT HARBOUR LEGAL PARTNERS INV-0054,3520.00,43757.53
2026-01-05,DEPOSIT COASTAL BUILDERS PTY LTD INV-0042,5940.00,49697.53
2026-01-05,EFT PAYMENT CODEFORGE CONTRACTING PTY  BILL-0045,-6165.50,43532.03
2026-01-05,EFT PAYMENT GREEN CLEAN SERVICES PTY L BILL-0046,-360.80,43171.23
2026-01-07,DEPOSIT HARBOUR LEGAL PARTNERS INV-0056,9240.00,52411.23
2026-01-07,DEPOSIT WOLLONGONG MEDICAL CENTRE INV-0051/INV-0058,6290.00,58701.23
2026-01-14,DEPOSIT HARBOUR LEGAL PARTNERS INV-0059,2640.00,61341.23
2026-01-15,DEPOSIT WOLLONGONG MEDICAL CENTRE INV-0062,9240.00,70581.23
2026-01-15,Business loan repayment Jan 2026,-1253.58,69327.65
2026-01-19,DEPOSIT BONDI BEACH CAFE GROUP PTY L INV-0067,1595.00,70922.65
2026-01-19,DEPOSIT COASTAL BUILDERS PTY LTD INV-0042,5940.00,76862.65
2026-01-19,DEPOSIT PARRAMATTA LOGISTICS PTY LTD INV-0055,2112.00,78974.65
2026-01-19,EFT PAYMENT CLOUDSOFT LICENSING PTY LT BILL-0048,-677.60,78297.05
2026-01-21,PAYG withholding remitted - December 2025,-3762.50,74534.55
2026-01-22,EFT PAYMENT TELECONNECT AUSTRALIA PTY  BILL-0049,-294.23,74240.32
2026-01-25,EFT PAYMENT TECHSOURCE DISTRIBUTION LAP-14,-10564.40,63675.92
2026-01-26,EFT PAYMENT POWERGRID ENERGY PTY LTD BILL-0050,-737.00,62938.92
2026-01-26,EFT PAYMENT SPARK DIGITAL MARKETING PT BILL-0051,-990.00,61948.92
2026-01-26,EFT PAYMENT VISION AV SOLUTIONS PTY LT BILL-0052,-6875.00,55073.92
2026-01-28,DEPOSIT WOLLONGONG MEDICAL CENTRE INV-0064,3520.00,58593.92
2026-01-28,Superannuation contributions - quarter from Oct 2025,-6300.00,52293.92
2026-01-30,DEPOSIT SYDNEY SPORTS ACADEMY INV-0073/INV-0074,7227.00,59520.92
2026-01-30,Pay run January 2026,-13737.50,45783.42
2026-01-30,Bank fees Jan 2026,-15.00,45768.42
2026-02-02,DEPOSIT PARRAMATTA LOGISTICS PTY LTD INV-0061,17160.00,62928.42
2026-02-02,EFT PAYMENT FENWICK & ASSOCIATES ACCOU BILL-0053,-1815.00,61113.42
2026-02-03,EFT PAYMENT HARBOURSIDE PROPERTY TRUST BILL-0057,-5280.00,55833.42
2026-02-04,EFT PAYMENT CODEFORGE CONTRACTING PTY  BILL-0054,-5016.00,50817.42
2026-02-10,DEPOSIT HARBOUR LEGAL PARTNERS INV-0066/INV-0069,10516.00,61333.42
2026-02-10,EFT PAYMENT GREEN CLEAN SERVICES PTY L BILL-0056,-360.80,60972.62
2026-02-12,DEPOSIT BONDI BEACH CAFE GROUP PTY L INV-0076,3190.00,64162.62
2026-02-12,DEPOSIT PARRAMATTA LOGISTICS PTY LTD INV-0065,12760.00,76922.62
2026-02-12,DEPOSIT WOLLONGONG MEDICAL CENTRE INV-0068,2090.00,79012.62
2026-02-12,Director repays part of loan,2500.00,81512.62
2026-02-13,EFT PAYMENT TECHSOURCE DISTRIBUTION MON-27,-7058.70,74453.92
2026-02-16,DEPOSIT BONDI BEACH CAFE GROUP PTY L INV-0077,1595.00,76048.92
2026-02-16,DEPOSIT WOLLONGONG MEDICAL CENTRE INV-0070,7040.00,83088.92
2026-02-16,Business loan repayment Feb 2026,-1246.13,81842.79
2026-02-18,EFT PAYMENT CLOUDSOFT LICENSING PTY LT BILL-0058,-677.60,81165.19
2026-02-20,EFT PAYMENT TELECONNECT AUSTRALIA PTY  BILL-0059,-321.52,80843.67
2026-02-23,PAYG withholding remitted - January 2026,-3762.50,77081.17
2026-02-27,DEPOSIT REDFERN DESIGN STUDIO INV-0081,2178.00,79259.17
2026-02-27,Pay run February 2026,-13737.50,65521.67
2026-02-27,Bank fees Feb 2026,-15.00,65506.67
2026-03-02,DEPOSIT WOLLONGONG MEDICAL CENTRE INV-0075,6380.00,71886.67
2026-03-02,EFT PAYMENT HARBOURSIDE PROPERTY TRUST BILL-0065,-5280.00,66606.67
2026-03-02,EFT PAYMENT SPARK DIGITAL MARKETING PT BILL-0060,-1815.00,64791.67
2026-03-02,EFT PAYMENT SWIFTCOURIER EXPRESS PTY L BILL-0061,-132.00,64659.67
2026-03-02,BAS payment - quarter from Oct 2025,-12036.21,52623.46
2026-03-10,EFT PAYMENT TECHSOURCE DISTRIBUTION DOCK-C,-2787.60,49835.86
2026-03-12,DEPOSIT WOLLONGONG MEDICAL CENTRE INV-0078/INV-0080,11550.00,61385.86
2026-03-12,EFT PAYMENT GREEN CLEAN SERVICES PTY L BILL-0063,-360.80,61025.06
2026-03-13,EFT PAYMENT CODEFORGE CONTRACTING PTY  BILL-0062,-9718.50,51306.56
2026-03-13,EFT PAYMENT TECHSOURCE DISTRIBUTION MSE-WL,-1263.24,50043.32
2026-03-16,DEPOSIT HARBOUR LEGAL PARTNERS INV-0079,1584.00,51627.32
2026-03-16,Business loan repayment Mar 2026,-1238.67,50388.65
2026-03-16,Dividend paid,-8000.00,42388.65
2026-03-18,EFT PAYMENT CLOUDSOFT LICENSING PTY LT BILL-0064,-677.60,41711.05
2026-03-19,DEPOSIT BONDI BEACH CAFE GROUP PTY L INV-0091,1595.00,43306.05
2026-03-19,DEPOSIT COASTAL BUILDERS PTY LTD INV-0071,5280.00,48586.05
2026-03-23,PAYG withholding remitted - February 2026,-3762.50,44823.55
2026-03-24,DEPOSIT HARBOUR LEGAL PARTNERS INV-0082/INV-0084,3106.40,47929.95
2026-03-24,EFT PAYMENT TELECONNECT AUSTRALIA PTY  BILL-0066,-302.13,47627.82
2026-03-25,DEPOSIT BONDI BEACH CAFE GROUP PTY L INV-0094,539.00,48166.82
2026-03-25,EFT PAYMENT SPARK DIGITAL MARKETING PT BILL-0069,-1540.00,46626.82
2026-03-26,EFT PAYMENT FENWICK & ASSOCIATES ACCOU BILL-0067,-1980.00,44646.82
2026-03-26,EFT PAYMENT PAPER & PIXEL OFFICE SUPPL BILL-0068,-181.50,44465.32
2026-03-31,DEPOSIT HARBOUR LEGAL PARTNERS INV-0086,7480.00,51945.32
2026-03-31,Pay run March 2026,-13737.50,38207.82
2026-03-31,Bank fees Mar 2026,-15.00,38192.82
2026-03-31,Interest received Mar 2026,26.10,38218.92
2026-04-02,DEPOSIT WOLLONGONG MEDICAL CENTRE INV-0087,5132.60,43351.52
2026-04-02,EFT PAYMENT HARBOURSIDE PROPERTY TRUST BILL-0072,-5280.00,38071.52
2026-04-06,DEPOSIT BLUE MOUNTAINS TOURISM LTD INV-0083,391.49,38463.01
2026-04-06,EFT PAYMENT GREEN CLEAN SERVICES PTY L BILL-0070,-360.80,38102.21
2026-04-08,DEPOSIT WOLLONGONG MEDICAL CENTRE INV-0089/INV-0092,7370.00,45472.21
2026-04-08,EFT PAYMENT CODEFORGE CONTRACTING PTY  BILL-0071,-8151.00,37321.21
2026-04-10,DEPOSIT PENRITH AUTO GROUP PTY LTD INV-0095,11880.00,49201.21
2026-04-13,DEPOSIT BONDI BEACH CAFE GROUP PTY L INV-0104,1595.00,50796.21
2026-04-13,DEPOSIT PARRAMATTA LOGISTICS PTY LTD INV-0085,6475.59,57271.80
2026-04-14,DEPOSIT DARLINGHURST HOTEL GROUP PTY INV-0088,3520.00,60791.80
2026-04-15,DEPOSIT HARBOUR LEGAL PARTNERS INV-0093,2640.00,63431.80
2026-04-15,Business loan repayment Apr 2026,-1231.21,62200.59
2026-04-16,DEPOSIT NORTHSHORE DENTAL CLINIC PTY INV-0102,13860.00,76060.59
2026-04-17,DEPOSIT PENRITH AUTO GROUP PTY LTD INV-0101,9240.00,85300.59
2026-04-17,DEPOSIT SYDNEY SPORTS ACADEMY INV-0103,15080.00,100380.59
2026-04-17,EFT PAYMENT TECHSOURCE DISTRIBUTION DOCK-C,-2277.00,98103.59
2026-04-20,EFT PAYMENT CLOUDSOFT LICENSING PTY LT BILL-0074,-719.95,97383.64
2026-04-20,EFT PAYMENT TELECONNECT AUSTRALIA PTY  BILL-0073,-305.46,97078.18
2026-04-21,EFT PAYMENT SPARK DIGITAL MARKETING PT BILL-0075,-880.00,96198.18
2026-04-21,PAYG withholding remitted - March 2026,-3762.50,92435.68
2026-04-24,DEPOSIT HARBOUR LEGAL PARTNERS INV-0097,1568.60,94004.28
2026-04-24,EFT PAYMENT TECHSOURCE DISTRIBUTION KBD-WL,-1805.76,92198.52
2026-04-27,DEPOSIT SYDNEY SPORTS ACADEMY INV-0111,3520.00,95718.52
2026-04-27,EFT PAYMENT POWERGRID ENERGY PTY LTD BILL-0076,-649.00,95069.52
2026-04-28,Superannuation contributions - quarter from Jan 2026,-6300.00,88769.52
2026-04-28,BAS payment - quarter from Jan 2026,-9915.50,78854.02
2026-04-30,Pay run April 2026,-13737.50,65116.52
2026-04-30,Bank fees Apr 2026,-15.00,65101.52
2026-05-01,DEPOSIT BONDI BEACH CAFE GROUP PTY L INV-0112,1595.00,66696.52
2026-05-01,DEPOSIT COASTAL BUILDERS PTY LTD INV-0090,6319.50,73016.02
2026-05-01,EFT PAYMENT HARBOURSIDE PROPERTY TRUST BILL-0081,-5280.00,67736.02
2026-05-04,EFT PAYMENT FENWICK & ASSOCIATES ACCOU BILL-0077,-1815.00,65921.02
2026-05-05,DEPOSIT BLUE MOUNTAINS TOURISM LTD INV-0100,5400.00,71321.02
2026-05-07,DEPOSIT PARRAMATTA LOGISTICS PTY LTD INV-0098,3520.00,74841.02
2026-05-07,DEPOSIT SYDNEY SPORTS ACADEMY INV-0108,6006.00,80847.02
2026-05-07,EFT PAYMENT GREEN CLEAN SERVICES PTY L BILL-0078,-360.80,80486.22
2026-05-08,DEPOSIT WOLLONGONG MEDICAL CENTRE INV-0105/INV-0107,3381.29,83867.51
2026-05-11,DEPOSIT HARBOUR LEGAL PARTNERS INV-0099,1249.05,85116.56
2026-05-11,DEPOSIT NORTHSHORE DENTAL CLINIC PTY INV-0113,1333.50,86450.06
2026-05-11,EFT PAYMENT CODEFORGE CONTRACTING PTY  BILL-0079,-6165.50,80284.56
2026-05-15,EFT PAYMENT CLOUDSOFT LICENSING PTY LT BILL-0080,-719.95,79564.61
2026-05-15,Business loan repayment May 2026,-1223.75,78340.86
2026-05-18,DEPOSIT HARBOUR LEGAL PARTNERS INV-0106,2640.00,80980.86
2026-05-18,DEPOSIT NORTHSHORE DENTAL CLINIC PTY INV-0117,4620.00,85600.86
2026-05-20,DEPOSIT BONDI BEACH CAFE GROUP PTY L INV-0118,1595.00,87195.86
2026-05-21,EFT PAYMENT TELECONNECT AUSTRALIA PTY  BILL-0082,-304.11,86891.75
2026-05-21,PAYG withholding remitted - April 2026,-3762.50,83129.25
2026-05-22,EFT PAYMENT PAPER & PIXEL OFFICE SUPPL BILL-0083,-93.50,83035.75
2026-05-25,EFT PAYMENT SPARK DIGITAL MARKETING PT BILL-0084,-1595.00,81440.75
2026-05-26,EFT PAYMENT SWIFTCOURIER EXPRESS PTY L BILL-0085,-181.50,81259.25
2026-05-27,DEPOSIT COASTAL BUILDERS PTY LTD INV-0096,2277.00,83536.25
2026-05-28,DEPOSIT WOLLONGONG MEDICAL CENTRE INV-0110/INV-0115,11143.00,94679.25
2026-05-29,Pay run May 2026,-13737.50,80941.75
2026-05-29,Bank fees May 2026,-15.00,80926.75
2026-06-01,DEPOSIT BLUE MOUNTAINS TOURISM LTD INV-0100,5400.00,86326.75
2026-06-01,EFT PAYMENT HARBOURSIDE PROPERTY TRUST BILL-0089,-5280.00,81046.75
2026-06-04,DEPOSIT BONDI BEACH CAFE GROUP PTY L INV-0124,3811.50,84858.25
2026-06-05,EFT PAYMENT CODEFORGE CONTRACTING PTY  BILL-0087,-7419.50,77438.75
2026-06-05,EFT PAYMENT GREEN CLEAN SERVICES PTY L BILL-0086,-704.00,76734.75
2026-06-08,DEPOSIT HARBOUR LEGAL PARTNERS INV-0120,2640.00,79374.75
2026-06-08,DEPOSIT WOLLONGONG MEDICAL CENTRE INV-0119,2090.00,81464.75
2026-06-10,EFT PAYMENT GREEN CLEAN SERVICES PTY L BILL-0088,-360.80,81103.95
2026-06-15,DEPOSIT REDFERN DESIGN STUDIO INV-0133,826.87,81930.82
2026-06-15,Business loan repayment Jun 2026,-1216.29,80714.53
2026-06-17,EFT PAYMENT CLOUDSOFT LICENSING PTY LT BILL-0090,-719.95,79994.58
2026-06-18,DEPOSIT BONDI BEACH CAFE GROUP PTY L INV-0130,1595.00,81589.58
2026-06-18,DEPOSIT PARRAMATTA LOGISTICS PTY LTD INV-0114,7400.00,88989.58
2026-06-19,DEPOSIT WOLLONGONG MEDICAL CENTRE INV-0122,1415.70,90405.28
2026-06-22,DEPOSIT COASTAL BUILDERS PTY LTD INV-0109,9240.00,99645.28
2026-06-22,EFT PAYMENT TELECONNECT AUSTRALIA PTY  BILL-0091,-295.09,99350.19
2026-06-22,PAYG withholding remitted - May 2026,-3762.50,95587.69
2026-06-25,DEPOSIT PARRAMATTA LOGISTICS PTY LTD INV-0116,1069.30,96656.99
2026-06-26,DEPOSIT WOLLONGONG MEDICAL CENTRE INV-0126,990.00,97646.99
2026-06-26,EFT PAYMENT SPARK DIGITAL MARKETING PT BILL-0092,-1100.00,96546.99
2026-06-29,DEPOSIT BLUE MOUNTAINS TOURISM LTD INV-0125,3960.00,100506.99
2026-06-30,Pay run June 2026,-13737.50,86769.49
2026-06-30,Bank fees Jun 2026,-15.00,86754.49
2026-06-30,Interest received Jun 2026,18.55,86773.04
2026-07-01,DEPOSIT PENRITH AUTO GROUP PTY LTD INV-0128,9240.00,96013.04
2026-07-02,DEPOSIT HARBOUR LEGAL PARTNERS INV-0129,1980.00,97993.04
2026-07-03,EFT PAYMENT HARBOURSIDE PROPERTY TRUST BILL-0095,-5491.20,92501.84
2026-07-06,DEPOSIT PARRAMATTA LOGISTICS PTY LTD INV-0121,1800.00,94301.84
2026-07-06,EFT PAYMENT GREEN CLEAN SERVICES PTY L BILL-0093,-360.80,93941.04
2026-07-13,DEPOSIT NORTHSHORE DENTAL CLINIC PTY INV-0139,5015.00,98956.04
2026-07-14,DEPOSIT WOLLONGONG MEDICAL CENTRE INV-0131,2090.00,101046.04
2026-07-15,DEPOSIT HARBOUR LEGAL PARTNERS INV-0132,2640.00,103686.04
2026-07-15,Business loan repayment Jul 2026,-1208.83,102477.21
2026-07-17,DEPOSIT PARRAMATTA LOGISTICS PTY LTD INV-0123/INV-0127,5187.60,107664.81
2026-07-17,EFT PAYMENT SECURECOVER INSURANCE BROK BILL-0096,-7865.00,99799.81
2026-07-18,EFT PAYMENT TECHSOURCE DISTRIBUTION LAP-14,-9702.00,90097.81
2026-07-20,DEPOSIT BONDI BEACH CAFE GROUP PTY L INV-0142,797.50,90895.31
2026-07-20,DEPOSIT KIAMA WHOLESALE FOODS PTY LT INV-0138,9388.50,100283.81
2026-07-20,EFT PAYMENT CLOUDSOFT LICENSING PTY LT BILL-0097,-762.30,99521.51
2026-07-20,EFT PAYMENT TELECONNECT AUSTRALIA PTY  BILL-0098,-319.18,99202.33
2026-07-21,PAYG withholding remitted - June 2026,-3762.50,95439.83
2026-07-24,EFT PAYMENT POWERGRID ENERGY PTY LTD BILL-0099,-808.50,94631.33
2026-07-27,DEPOSIT BLUE MOUNTAINS TOURISM LTD INV-0135,3200.00,97831.33
2026-07-27,EFT PAYMENT SPARK DIGITAL MARKETING PT BILL-0100,-1100.00,96731.33
2026-07-28,Superannuation contributions - quarter from Apr 2026,-6300.00,90431.33
2026-07-28,BAS payment - quarter from Apr 2026,-7943.50,82487.83
2026-07-30,DEPOSIT KIAMA WHOLESALE FOODS PTY LT INV-0146,1760.00,84247.83
2026-07-31,Pay run July 2026,-14287.00,69960.83
2026-07-31,Bank fees Jul 2026,-15.00,69945.83
2026-08-03,DEPOSIT KIAMA WHOLESALE FOODS PTY LT INV-0149,3520.00,73465.83
2026-08-03,DEPOSIT PENRITH AUTO GROUP PTY LTD INV-0140,1089.00,74554.83
2026-08-03,DEPOSIT WOLLONGONG MEDICAL CENTRE INV-0143,2090.00,76644.83
2026-08-03,EFT PAYMENT HARBOURSIDE PROPERTY TRUST BILL-0105,-5491.20,71153.63
2026-08-03,EFT REIMBURSEMENT PRIYA NAIR CLM-001,-137.10,71016.53
2026-08-06,EFT PAYMENT FENWICK & ASSOCIATES ACCOU BILL-0101,-1815.00,69201.53
2026-08-07,DEPOSIT BONDI BEACH CAFE GROUP PTY L INV-0142/INV-0148,13997.50,83199.03
2026-08-07,EFT PAYMENT PAPER & PIXEL OFFICE SUPPL BILL-0102,-192.50,83006.53
2026-08-10,DEPOSIT HARBOUR LEGAL PARTNERS INV-0144,2640.00,85646.53
2026-08-10,DEPOSIT PARRAMATTA LOGISTICS PTY LTD INV-0136,745.47,86392.00
2026-08-10,EFT PAYMENT CODEFORGE CONTRACTING PTY  BILL-0104,-7419.50,78972.50
2026-08-10,EFT PAYMENT GREEN CLEAN SERVICES PTY L BILL-0103,-360.80,78611.70
2026-08-12,DEPOSIT COASTAL BUILDERS PTY LTD INV-0134,3520.00,82131.70
2026-08-12,DEPOSIT SYDNEY SPORTS ACADEMY INV-0151,9460.00,91591.70
2026-08-13,DEPOSIT REDFERN DESIGN STUDIO INV-0153,1980.00,93571.70
2026-08-17,DEPOSIT BONDI BEACH CAFE GROUP PTY L INV-0155,1595.00,95166.70
2026-08-17,DEPOSIT HARBOUR LEGAL PARTNERS INV-0145,4219.60,99386.30
2026-08-17,Business loan repayment Aug 2026,-1201.38,98184.92
2026-08-18,EFT PAYMENT CLOUDSOFT LICENSING PTY LT BILL-0106,-762.30,97422.62
2026-08-19,DEPOSIT COASTAL BUILDERS PTY LTD INV-0137,719.40,98142.02
2026-08-19,EFT PAYMENT METRO MOTORS PTY LTD BILL-0108,-39600.00,58542.02
2026-08-20,DEPOSIT DARLINGHURST HOTEL GROUP PTY INV-0141,9240.00,67782.02
2026-08-20,EFT PAYMENT TELECONNECT AUSTRALIA PTY  BILL-0107,-319.24,67462.78
2026-08-20,DEPOSIT SALE OF PLOTTER - PRINT BROKER,400.00,67862.78
2026-08-21,PAYG withholding remitted - July 2026,-3913.00,63949.78
2026-08-21,SQ *THE GROUNDS ALEXANDRIA,-18.00,63931.78
2026-08-27,EFT PAYMENT SWIFTCOURIER EXPRESS PTY L BILL-0110,-132.00,63799.78
2026-08-28,AUSTRALIA POST EXPRESS,-312.00,63487.78
2026-08-31,Pay run August 2026,-14287.00,49200.78
2026-08-31,Bank fees Aug 2026,-15.00,49185.78
2026-09-03,BP EXPRESS ROZELLE,-48.35,49137.43
2026-09-04,EFT PAYMENT HARBOURSIDE PROPERTY TRUST BILL-0113,-5491.20,43646.23
2026-09-07,DEPOSIT REDFERN DESIGN STUDIO INV-0166,12760.00,56406.23
2026-09-09,EFT PAYMENT GREEN CLEAN SERVICES PTY L BILL-0112,-360.80,56045.43
2026-09-09,STRIPE PAYOUT ST-88120,250.00,56295.43
2026-09-10,EFT PAYMENT CODEFORGE CONTRACTING PTY  BILL-0111,-3918.75,52376.68
2026-09-10,EFT REIMBURSEMENT CHLOE WARD CLM-003,-113.50,52263.18
2026-09-11,DEPOSIT WOLLONGONG MEDICAL CENTRE INV-0152/INV-0156/INV-0158,4730.00,56993.18
2026-09-14,DEPOSIT COASTAL BUILDERS PTY LTD INV-0147,3520.00,60513.18
2026-09-14,DEPOSIT HARBOUR LEGAL PARTNERS INV-0157,2640.00,63153.18
2026-09-14,ADOBE SYSTEMS SYDNEY,-129.00,63024.18
2026-09-15,DEPOSIT BONDI BEACH CAFE GROUP PTY L INV-0168,1595.00,64619.18
2026-09-15,Business loan repayment Sep 2026,-1193.92,63425.26
2026-09-16,EFT REIMBURSEMENT TOM BECKER CLM-002,-343.20,63082.06
2026-09-17,DEPOSIT SYDNEY SPORTS ACADEMY INV-0167,15180.00,78262.06
2026-09-21,EFT PAYMENT CLOUDSOFT LICENSING PTY LT BILL-0114,-762.30,77499.76
2026-09-21,PAYG withholding remitted - August 2026,-3913.00,73586.76
2026-09-21,WOOLWORTHS 2217 SURRY HILLS,-64.90,73521.86
2026-09-22,DEPOSIT SYDNEY SPORTS ACADEMY INV-0171,2772.00,76293.86
2026-09-22,DEPOSIT WOLLONGONG MEDICAL CENTRE INV-0160/INV-0163,15460.00,91753.86
2026-09-22,EFT PAYMENT SPARK DIGITAL MARKETING PT BILL-0116,-2200.00,89553.86
2026-09-22,EFT PAYMENT TELECONNECT AUSTRALIA PTY  BILL-0115,-292.85,89261.01
2026-09-28,DEPOSIT REDFERN DESIGN STUDIO INV-0172,2310.00,91571.01
2026-09-30,Pay run September 2026,-14287.00,77284.01
2026-09-30,Bank fees Sep 2026,-15.00,77269.01
2026-09-30,Interest received Sep 2026,20.32,77289.33
